"Name","datamodule.dataset.dataset_name","module.network.model.restrict_logits","module.network.model_name","tags","_wandb","module.network.model.pooling","test/MultilabelAUROC","test/cmAP5"
"module.network.model_name: perchv2","SNE","false","perchv2","[""biofoundation"",""BirdSet"",""augmentations"",""linearprobing"",""perchv2"",""rs240725""]","","","0.8371095061302185","0.3285050094127655"
"module.network.model_name: perchv2","SSW","false","perchv2","[""biofoundation"",""BirdSet"",""augmentations"",""linearprobing"",""perchv2"",""rs240725""]","","","0.9334049820899964","0.4262881875038147"
"module.network.model_name: perchv2","NBP","false","perchv2","[""biofoundation"",""BirdSet"",""augmentations"",""linearprobing"",""perchv2"",""rs240725""]","","","0.9209241271018982","0.6464914083480835"
"module.network.model_name: perchv2","HSN","false","perchv2","[""biofoundation"",""BirdSet"",""augmentations"",""linearprobing"",""perchv2"",""rs240725""]","","","0.8354105353355408","0.5163119435310364"
"module.network.model_name: perchv2","UHH","false","perchv2","[""biofoundation"",""BirdSet"",""augmentations"",""linearprobing"",""perchv2"",""rs240725""]","","","0.7534670829772949","0.24008025228977203"
"module.network.model_name: perchv2","NES","false","perchv2","[""biofoundation"",""BirdSet"",""augmentations"",""linearprobing"",""perchv2"",""rs240725""]","","","0.9142160415649414","0.364722192287445"
"module.network.model_name: perchv2","POW","false","perchv2","[""biofoundation"",""BirdSet"",""augmentations"",""linearprobing"",""perchv2"",""rs240725""]","","","0.872342586517334","0.43426528573036194"
"module.network.model_name: perchv2","PER","false","perchv2","[""biofoundation"",""BirdSet"",""augmentations"",""linearprobing"",""perchv2"",""rs240725""]","","","0.7222874164581299","0.18599727749824524"
"module.network.model_name: perchv2","SNE","false","perchv2","[""biofoundation"",""BirdSet"",""augmentations"",""linearprobing"",""perchv2"",""rs240725""]","","","0.8266685009002686","0.3207847476005554"
"module.network.model_name: perchv2","SSW","false","perchv2","[""biofoundation"",""BirdSet"",""augmentations"",""linearprobing"",""perchv2"",""rs240725""]","","","0.9335389137268066","0.42652997374534607"
"module.network.model_name: perchv2","NBP","false","perchv2","[""biofoundation"",""BirdSet"",""augmentations"",""linearprobing"",""perchv2"",""rs240725""]","","","0.9166475534439088","0.6475642919540405"
"module.network.model_name: perchv2","HSN","false","perchv2","[""biofoundation"",""BirdSet"",""augmentations"",""linearprobing"",""perchv2"",""rs240725""]","","","0.8416459560394287","0.5146719217300415"
"module.network.model_name: perchv2","UHH","false","perchv2","[""biofoundation"",""BirdSet"",""augmentations"",""linearprobing"",""perchv2"",""rs240725""]","","","0.7564861178398132","0.24181334674358368"
"module.network.model_name: perchv2","NES","false","perchv2","[""biofoundation"",""BirdSet"",""augmentations"",""linearprobing"",""perchv2"",""rs240725""]","","","0.9144283533096312","0.3614591062068939"
"module.network.model_name: perchv2","POW","false","perchv2","[""biofoundation"",""BirdSet"",""augmentations"",""linearprobing"",""perchv2"",""rs240725""]","","","0.8712114095687866","0.44523054361343384"
"module.network.model_name: perchv2","PER","false","perchv2","[""biofoundation"",""BirdSet"",""augmentations"",""linearprobing"",""perchv2"",""rs240725""]","","","0.7229996919631958","0.18425077199935913"
"module.network.model_name: perchv2","SNE","true","perchv2","[""biofoundation"",""BirdSet"",""restrict"",""perchv2""]","","","0.8828904628753662","0.3402605354785919"
"module.network.model_name: perchv2","SSW","true","perchv2","[""biofoundation"",""BirdSet"",""restrict"",""perchv2""]","","","0.973259449005127","0.4684496819972992"
"module.network.model_name: perchv2","NBP","true","perchv2","[""biofoundation"",""BirdSet"",""restrict"",""perchv2""]","","","0.9332491159439088","0.6609449982643127"
"module.network.model_name: perchv2","HSN","true","perchv2","[""biofoundation"",""BirdSet"",""restrict"",""perchv2""]","","","0.914949893951416","0.5326170325279236"
"module.network.model_name: perchv2","UHH","true","perchv2","[""biofoundation"",""BirdSet"",""restrict"",""perchv2""]","","","0.9117180109024048","0.3797451853752136"
"module.network.model_name: perchv2","NES","true","perchv2","[""biofoundation"",""BirdSet"",""restrict"",""perchv2""]","","","0.9525565505027772","0.4026623666286469"
"module.network.model_name: perchv2","POW","true","perchv2","[""biofoundation"",""BirdSet"",""restrict"",""perchv2""]","","","0.9208685755729676","0.5376664996147156"
"module.network.model_name: perchv2","PER","true","perchv2","[""biofoundation"",""BirdSet"",""restrict"",""perchv2""]","","","0.7856429219245911","0.2319479137659073"
"module.network.model_name: birdmae","NBP","","birdmae","[""biofoundation"",""BirdSet"",""augmentations"",""linearprobing"",""birdmae"",""rs240725""]","","just_cls","0.8214642405509949","0.4355303049087525"
"module.network.model_name: birdmae","SSW","","birdmae","[""biofoundation"",""BirdSet"",""augmentations"",""linearprobing"",""birdmae"",""rs240725""]","","just_cls","0.8319416046142578","0.17741847038269043"
"module.network.model_name: birdmae","SNE","","birdmae","[""biofoundation"",""BirdSet"",""augmentations"",""linearprobing"",""birdmae"",""rs240725""]","","just_cls","0.7445789575576782","0.1834428459405899"
"module.network.model_name: birdmae","SNE","","birdmae","[""biofoundation"",""BirdSet"",""augmentations"",""linearprobing"",""birdmae"",""rs240725""]","","just_cls","0.7427117824554443","0.18180933594703672"
"module.network.model_name: birdmae","HSN","","birdmae","[""biofoundation"",""BirdSet"",""augmentations"",""linearprobing"",""birdmae"",""rs240725""]","","just_cls","0.7353401184082031","0.1637063026428223"
"module.network.model_name: birdmae","UHH","","birdmae","[""biofoundation"",""BirdSet"",""augmentations"",""linearprobing"",""birdmae"",""rs240725""]","","just_cls","0.7518919706344604","0.1647087037563324"
"module.network.model_name: birdmae","NBP","","birdmae","[""biofoundation"",""BirdSet"",""augmentations"",""attentive"",""birdmae"",""rs240725""]","","attentive","0.925355851650238","0.6715961694717407"
"module.network.model_name: birdmae","NES","","birdmae","[""biofoundation"",""BirdSet"",""augmentations"",""linearprobing"",""birdmae"",""rs240725""]","","just_cls","0.866999626159668","0.20750068128108975"
"module.network.model_name: birdmae","NBP","","birdmae","[""biofoundation"",""BirdSet"",""augmentations"",""attentive"",""birdmae"",""rs240725""]","","attentive","0.9179627299308776","0.6536785960197449"
"module.network.model_name: birdmae","SSW","","birdmae","[""biofoundation"",""BirdSet"",""augmentations"",""linearprobing"",""birdmae"",""rs240725""]","","just_cls","0.832323431968689","0.17635893821716309"
"module.network.model_name: birdmae","SSW","","birdmae","[""biofoundation"",""BirdSet"",""augmentations"",""attentive"",""birdmae"",""rs240725""]","","attentive","0.9238601326942444","0.35672566294670105"
"module.network.model_name: birdmae","NBP","","birdmae","[""biofoundation"",""BirdSet"",""augmentations"",""linearprobing"",""birdmae"",""rs240725""]","","just_cls","0.8182892203330994","0.4333844780921936"
"module.network.model_name: birdmae","HSN","","birdmae","[""biofoundation"",""BirdSet"",""augmentations"",""linearprobing"",""birdmae"",""rs240725""]","","just_cls","0.7319124937057495","0.16376052796840668"
"module.network.model_name: birdmae","HSN","","birdmae","[""biofoundation"",""BirdSet"",""augmentations"",""attentive"",""birdmae"",""rs240725""]","","attentive","0.8901416659355164","0.4406903088092804"
"module.network.model_name: birdmae","HSN","","birdmae","[""biofoundation"",""BirdSet"",""augmentations"",""attentive"",""birdmae"",""rs240725""]","","attentive","0.8921090364456177","0.47267964482307434"
"module.network.model_name: birdmae","SSW","","birdmae","[""biofoundation"",""BirdSet"",""augmentations"",""attentive"",""birdmae"",""rs240725""]","","attentive","0.9230898022651672","0.35486385226249695"
"module.network.model_name: birdmae","UHH","","birdmae","[""biofoundation"",""BirdSet"",""augmentations"",""attentive"",""birdmae"",""rs240725""]","","attentive","0.8112942576408386","0.2630069851875305"
"module.network.model_name: birdmae","UHH","","birdmae","[""biofoundation"",""BirdSet"",""augmentations"",""linearprobing"",""birdmae"",""rs240725""]","","just_cls","0.7575907111167908","0.1633789837360382"
"module.network.model_name: birdmae","UHH","","birdmae","[""biofoundation"",""BirdSet"",""augmentations"",""attentive"",""birdmae"",""rs240725""]","","attentive","0.8194447159767151","0.2647465765476227"
"module.network.model_name: birdmae","SNE","","birdmae","[""biofoundation"",""BirdSet"",""augmentations"",""attentive"",""birdmae"",""rs240725""]","","attentive","0.835528552532196","0.31513163447380066"
"module.network.model_name: birdmae","NES","","birdmae","[""biofoundation"",""BirdSet"",""augmentations"",""linearprobing"",""birdmae"",""rs240725""]","","just_cls","0.8660513162612915","0.20575982332229617"
"module.network.model_name: birdmae","NES","","birdmae","[""biofoundation"",""BirdSet"",""augmentations"",""attentive"",""birdmae"",""rs240725""]","","attentive","0.8876001834869385","0.3573324680328369"
"module.network.model_name: birdmae","NES","","birdmae","[""biofoundation"",""BirdSet"",""augmentations"",""attentive"",""birdmae"",""rs240725""]","","attentive","0.8835204839706421","0.3565051257610321"
"module.network.model_name: birdmae","POW","","birdmae","[""biofoundation"",""BirdSet"",""augmentations"",""attentive"",""birdmae"",""rs240725""]","","attentive","0.8389739990234375","0.39145803451538086"
"module.network.model_name: birdmae","POW","","birdmae","[""biofoundation"",""BirdSet"",""augmentations"",""attentive"",""birdmae"",""rs240725""]","","attentive","0.8380870223045349","0.3724325597286224"
"module.network.model_name: birdmae","POW","","birdmae","[""biofoundation"",""BirdSet"",""augmentations"",""linearprobing"",""birdmae"",""rs240725""]","","just_cls","0.7794533967971802","0.26571789383888245"
"module.network.model_name: birdmae","SNE","","birdmae","[""biofoundation"",""BirdSet"",""augmentations"",""attentive"",""birdmae"",""rs240725""]","","attentive","0.8411251306533813","0.31606507301330566"
"module.network.model_name: birdmae","POW","","birdmae","[""biofoundation"",""BirdSet"",""augmentations"",""linearprobing"",""birdmae"",""rs240725""]","","just_cls","0.7772749662399292","0.27536430954933167"
"module.network.model_name: birdmae","PER","","birdmae","[""biofoundation"",""BirdSet"",""augmentations"",""linearprobing"",""birdmae"",""rs240725""]","","just_cls","0.6861410737037659","0.1082933098077774"
"module.network.model_name: birdmae","PER","","birdmae","[""biofoundation"",""BirdSet"",""augmentations"",""attentive"",""birdmae"",""rs240725""]","","attentive","0.7752695083618164","0.2533266544342041"
"module.network.model_name: birdmae","PER","","birdmae","[""biofoundation"",""BirdSet"",""augmentations"",""attentive"",""birdmae"",""rs240725""]","","attentive","0.7887667417526245","0.2668461799621582"
"module.network.model_name: birdmae","PER","","birdmae","[""biofoundation"",""BirdSet"",""augmentations"",""linearprobing"",""birdmae"",""rs240725""]","","just_cls","0.6857430338859558","0.10830271244049072"
"module.network.model_name: surfperch","SNE","false","surfperch","[""biofoundation"",""BirdSet"",""augmentations"",""linearprobing"",""surfperch"",""rs240725""]","","","0.7589641809463501","0.17450620234012604"
"module.network.model_name: surfperch","SSW","false","surfperch","[""biofoundation"",""BirdSet"",""augmentations"",""linearprobing"",""surfperch"",""rs240725""]","","","0.8379951119422913","0.142825648188591"
"module.network.model_name: surfperch","NBP","false","surfperch","[""biofoundation"",""BirdSet"",""augmentations"",""linearprobing"",""surfperch"",""rs240725""]","","","0.7927706837654114","0.35885971784591675"
"module.network.model_name: surfperch","HSN","false","surfperch","[""biofoundation"",""BirdSet"",""augmentations"",""linearprobing"",""surfperch"",""rs240725""]","","","0.8224266767501831","0.3225080668926239"
"module.network.model_name: surfperch","UHH","false","surfperch","[""biofoundation"",""BirdSet"",""augmentations"",""linearprobing"",""surfperch"",""rs240725""]","","","0.7461042404174805","0.16052797436714172"
"module.network.model_name: biolingual","SNE","","biolingual","[""biofoundation"",""BirdSet"",""augmentations"",""linearprobing"",""biolingual"",""rs240725""]","","just_cls","0.7016109824180603","0.12918241322040558"
"module.network.model_name: convnext_bs","SNE","true","convnext_bs","[""biofoundation"",""BirdSet"",""restrict"",""convnext_bs""]","","default","0.8270357847213745","0.29883357882499695"
"module.network.model_name: surfperch","NES","false","surfperch","[""biofoundation"",""BirdSet"",""augmentations"",""linearprobing"",""surfperch"",""rs240725""]","","","0.8716134428977966","0.22710950672626495"
"module.network.model_name: convnext_bs","SSW","true","convnext_bs","[""biofoundation"",""BirdSet"",""restrict"",""convnext_bs""]","","default","0.9344094395637512","0.3396943211555481"
"module.network.model_name: convnext_bs","NBP","true","convnext_bs","[""biofoundation"",""BirdSet"",""restrict"",""convnext_bs""]","","default","0.9157510995864868","0.6185068488121033"
"module.network.model_name: convnext_bs","HSN","true","convnext_bs","[""biofoundation"",""BirdSet"",""restrict"",""convnext_bs""]","","default","0.8962090015411377","0.4842614531517029"
"module.network.model_name: convnext_bs","UHH","true","convnext_bs","[""biofoundation"",""BirdSet"",""restrict"",""convnext_bs""]","","default","0.7771372199058533","0.2479049265384674"
"module.network.model_name: convnext_bs","NES","true","convnext_bs","[""biofoundation"",""BirdSet"",""restrict"",""convnext_bs""]","","default","0.8775192499160767","0.3413144648075104"
"module.network.model_name: convnext_bs","POW","true","convnext_bs","[""biofoundation"",""BirdSet"",""restrict"",""convnext_bs""]","","default","0.8173377513885498","0.34169599413871765"
"module.network.model_name: convnext_bs","PER","true","convnext_bs","[""biofoundation"",""BirdSet"",""restrict"",""convnext_bs""]","","default","0.725432276725769","0.174556702375412"
"module.network.model_name: surfperch","POW","false","surfperch","[""biofoundation"",""BirdSet"",""augmentations"",""linearprobing"",""surfperch"",""rs240725""]","","","0.784756064414978","0.2379596382379532"
"module.network.model_name: biolingual","HSN","","biolingual","[""biofoundation"",""BirdSet"",""augmentations"",""linearprobing"",""biolingual"",""rs240725""]","","just_cls","0.7753477692604065","0.2522672116756439"
"module.network.model_name: BEATs","HSN","","BEATs","[""biofoundation"",""BirdSet"",""augmentations"",""linearprobing"",""BEATs"",""rs240725""]","","","0.7342199087142944","0.12717436254024506"
"module.network.model_name: BEATs","UHH","","BEATs","[""biofoundation"",""BirdSet"",""augmentations"",""linearprobing"",""BEATs"",""rs240725""]","","","0.6907967329025269","0.09775527566671371"
"module.network.model_name: BEATs","NES","","BEATs","[""biofoundation"",""BirdSet"",""augmentations"",""linearprobing"",""BEATs"",""rs240725""]","","","0.7714221477508545","0.08132381737232208"
"module.network.model_name: BEATs","POW","","BEATs","[""biofoundation"",""BirdSet"",""augmentations"",""linearprobing"",""BEATs"",""rs240725""]","","","0.665847897529602","0.145980104804039"
"module.network.model_name: BEATs","PER","","BEATs","[""biofoundation"",""BirdSet"",""augmentations"",""linearprobing"",""BEATs"",""rs240725""]","","","0.6222518682479858","0.05723463371396065"
"module.network.model_name: aves","SNE","","aves","[""biofoundation"",""BirdSet"",""augmentations"",""linearprobing"",""aves"",""rs240725""]","","just_cls","0.6105813384056091","0.06005259603261947"
"module.network.model_name: BEATs_NatureLM","SNE","","BEATs_NatureLM","[""biofoundation"",""BirdSet"",""augmentations"",""linearprobing"",""BEATs_NatureLM"",""rs240725""]","","","0.7817419767379761","0.19963297247886655"
"module.network.model_name: aves","SSW","","aves","[""biofoundation"",""BirdSet"",""augmentations"",""linearprobing"",""aves"",""rs240725""]","","just_cls","0.7135002613067627","0.028566019609570503"
"module.network.model_name: aves","NBP","","aves","[""biofoundation"",""BirdSet"",""augmentations"",""linearprobing"",""aves"",""rs240725""]","","just_cls","0.6237889528274536","0.13584953546524048"
"module.network.model_name: aves","HSN","","aves","[""biofoundation"",""BirdSet"",""augmentations"",""linearprobing"",""aves"",""rs240725""]","","just_cls","0.6038510203361511","0.04835502430796623"
"module.network.model_name: BEATs_NatureLM","SSW","","BEATs_NatureLM","[""biofoundation"",""BirdSet"",""augmentations"",""linearprobing"",""BEATs_NatureLM"",""rs240725""]","","","0.894545316696167","0.210990309715271"
"module.network.model_name: biolingual","POW","","biolingual","[""biofoundation"",""BirdSet"",""augmentations"",""attentive"",""biolingual"",""rs240725""]","","attentive","0.7900065183639526","0.35070863366127014"
"module.network.model_name: aves","UHH","","aves","[""biofoundation"",""BirdSet"",""augmentations"",""linearprobing"",""aves"",""rs240725""]","","just_cls","0.6709901094436646","0.09899654239416122"
"module.network.model_name: BEATs_NatureLM","NBP","","BEATs_NatureLM","[""biofoundation"",""BirdSet"",""augmentations"",""linearprobing"",""BEATs_NatureLM"",""rs240725""]","","","0.8548784852027893","0.4156317710876465"
"module.network.model_name: BEATs_NatureLM","HSN","","BEATs_NatureLM","[""biofoundation"",""BirdSet"",""augmentations"",""linearprobing"",""BEATs_NatureLM"",""rs240725""]","","","0.8442346453666687","0.22503551840782168"
"module.network.model_name: aves","NES","","aves","[""biofoundation"",""BirdSet"",""augmentations"",""linearprobing"",""aves"",""rs240725""]","","just_cls","0.6976612210273743","0.040336430072784424"
"module.network.model_name: BEATs_NatureLM","UHH","","BEATs_NatureLM","[""biofoundation"",""BirdSet"",""augmentations"",""linearprobing"",""BEATs_NatureLM"",""rs240725""]","","","0.7273241877555847","0.11927546560764311"
"module.network.model_name: BEATs_NatureLM","NES","","BEATs_NatureLM","[""biofoundation"",""BirdSet"",""augmentations"",""linearprobing"",""BEATs_NatureLM"",""rs240725""]","","","0.8415040373802185","0.13934321701526642"
"module.network.model_name: aves","POW","","aves","[""biofoundation"",""BirdSet"",""augmentations"",""linearprobing"",""aves"",""rs240725""]","","just_cls","0.5992481708526611","0.11473813652992249"
"module.network.model_name: BEATs_NatureLM","POW","","BEATs_NatureLM","[""biofoundation"",""BirdSet"",""augmentations"",""linearprobing"",""BEATs_NatureLM"",""rs240725""]","","","0.7798234820365906","0.23431001603603363"
"module.network.model_name: BEATs","SSW","","BEATs","[""biofoundation"",""BirdSet"",""augmentations"",""linearprobing"",""BEATs"",""rs240725""]","","","0.7781487107276917","0.06663119792938232"
"module.network.model_name: BEATs_NatureLM","PER","","BEATs_NatureLM","[""biofoundation"",""BirdSet"",""augmentations"",""linearprobing"",""BEATs_NatureLM"",""rs240725""]","","","0.6625941395759583","0.06930522620677948"
"module.network.model_name: BEATs","SNE","","BEATs","[""biofoundation"",""BirdSet"",""augmentations"",""linearprobing"",""BEATs"",""rs240725""]","","","0.7274916172027588","0.1139335185289383"
"module.network.model_name: aves","PER","","aves","[""biofoundation"",""BirdSet"",""augmentations"",""linearprobing"",""aves"",""rs240725""]","","just_cls","0.55321204662323","0.030571941286325455"
"module.network.model_name: BEATs","NBP","","BEATs","[""biofoundation"",""BirdSet"",""augmentations"",""linearprobing"",""BEATs"",""rs240725""]","","","0.7537673115730286","0.2359349429607391"
"module.network.model_name: BEATs_NatureLM","SNE","","BEATs_NatureLM","[""biofoundation"",""BirdSet"",""augmentations"",""attentive"",""BEATs_NatureLM"",""rs240725""]","","attentive","0.8048794269561768","0.27547982335090637"
"module.network.model_name: vit_inatsound","SNE","","vit_inatsound","[""biofoundation"",""BirdSet"",""augmentations"",""linearprobing"",""vit_inatsound"",""rs240725""]","","just_cls","0.6652339100837708","0.08733261376619339"
"module.network.model_name: vit_inatsound","SSW","","vit_inatsound","[""biofoundation"",""BirdSet"",""augmentations"",""linearprobing"",""vit_inatsound"",""rs240725""]","","just_cls","0.7279393076896667","0.05877029523253441"
"module.network.model_name: vit_inatsound","NBP","","vit_inatsound","[""biofoundation"",""BirdSet"",""augmentations"",""linearprobing"",""vit_inatsound"",""rs240725""]","","just_cls","0.6981115341186523","0.20516982674598697"
"module.network.model_name: vit_inatsound","HSN","","vit_inatsound","[""biofoundation"",""BirdSet"",""augmentations"",""linearprobing"",""vit_inatsound"",""rs240725""]","","just_cls","0.6732684373855591","0.10494678467512132"
"module.network.model_name: vit_inatsound","UHH","","vit_inatsound","[""biofoundation"",""BirdSet"",""augmentations"",""linearprobing"",""vit_inatsound"",""rs240725""]","","just_cls","0.6495277285575867","0.10323219001293182"
"module.network.model_name: vit_inatsound","NES","","vit_inatsound","[""biofoundation"",""BirdSet"",""augmentations"",""linearprobing"",""vit_inatsound"",""rs240725""]","","just_cls","0.725204586982727","0.08103551715612411"
"module.network.model_name: vit_inatsound","POW","","vit_inatsound","[""biofoundation"",""BirdSet"",""augmentations"",""linearprobing"",""vit_inatsound"",""rs240725""]","","just_cls","0.6502251625061035","0.13600139319896698"
"module.network.model_name: BEATs_NatureLM","SSW","","BEATs_NatureLM","[""biofoundation"",""BirdSet"",""augmentations"",""attentive"",""BEATs_NatureLM"",""rs240725""]","","attentive","0.9326273798942566","0.4463396966457367"
"module.network.model_name: vit_inatsound","PER","","vit_inatsound","[""biofoundation"",""BirdSet"",""augmentations"",""linearprobing"",""vit_inatsound"",""rs240725""]","","just_cls","0.5876110792160034","0.04601782560348511"
"module.network.model_name: perch","SNE","false","perch","[""biofoundation"",""BirdSet"",""augmentations"",""linearprobing"",""perch"",""rs240725""]","","","0.8361005187034607","0.3030902147293091"
"module.network.model_name: perch","SSW","false","perch","[""biofoundation"",""BirdSet"",""augmentations"",""linearprobing"",""perch"",""rs240725""]","","","0.9265359044075012","0.3350708782672882"
"module.network.model_name: perch","NBP","false","perch","[""biofoundation"",""BirdSet"",""augmentations"",""linearprobing"",""perch"",""rs240725""]","","","0.9232523441314696","0.6506285071372986"
"module.network.model_name: perch","HSN","false","perch","[""biofoundation"",""BirdSet"",""augmentations"",""linearprobing"",""perch"",""rs240725""]","","","0.9132674336433412","0.4982786774635315"
"module.network.model_name: perch","UHH","false","perch","[""biofoundation"",""BirdSet"",""augmentations"",""linearprobing"",""perch"",""rs240725""]","","","0.7558242082595825","0.24128152430057528"
"module.network.model_name: BEATs_NatureLM","NBP","","BEATs_NatureLM","[""biofoundation"",""BirdSet"",""augmentations"",""attentive"",""BEATs_NatureLM"",""rs240725""]","","attentive","0.9004160761833191","0.6114747524261475"
"module.network.model_name: perch","NES","false","perch","[""biofoundation"",""BirdSet"",""augmentations"",""linearprobing"",""perch"",""rs240725""]","","","0.9169001579284668","0.3753465414047241"
"module.network.model_name: BEATs_NatureLM","HSN","","BEATs_NatureLM","[""biofoundation"",""BirdSet"",""augmentations"",""attentive"",""BEATs_NatureLM"",""rs240725""]","","attentive","0.8494491577148438","0.4711367189884186"
"module.network.model_name: perch","POW","false","perch","[""biofoundation"",""BirdSet"",""augmentations"",""linearprobing"",""perch"",""rs240725""]","","","0.8517190217971802","0.3676391839981079"
"module.network.model_name: BEATs_NatureLM","UHH","","BEATs_NatureLM","[""biofoundation"",""BirdSet"",""augmentations"",""attentive"",""BEATs_NatureLM"",""rs240725""]","","attentive","0.807163655757904","0.26936638355255127"
"module.network.model_name: perch","PER","false","perch","[""biofoundation"",""BirdSet"",""augmentations"",""linearprobing"",""perch"",""rs240725""]","","","0.7194784879684448","0.19767867028713224"
"module.network.model_name: convnext_bs","SNE","","convnext_bs","[""biofoundation"",""BirdSet"",""augmentations"",""linearprobing"",""convnext_bs"",""rs240725""]","","default","0.8524125218391418","0.3253423869609833"
"module.network.model_name: BEATs_NatureLM","NES","","BEATs_NatureLM","[""biofoundation"",""BirdSet"",""augmentations"",""attentive"",""BEATs_NatureLM"",""rs240725""]","","attentive","0.8905527591705322","0.3579413592815399"
"module.network.model_name: convnext_bs","SSW","","convnext_bs","[""biofoundation"",""BirdSet"",""augmentations"",""linearprobing"",""convnext_bs"",""rs240725""]","","default","0.9247275590896606","0.3994759619235992"
"module.network.model_name: convnext_bs","NBP","","convnext_bs","[""biofoundation"",""BirdSet"",""augmentations"",""linearprobing"",""convnext_bs"",""rs240725""]","","default","0.9226770401000975","0.6622572541236877"
"module.network.model_name: BEATs_NatureLM","POW","","BEATs_NatureLM","[""biofoundation"",""BirdSet"",""augmentations"",""attentive"",""BEATs_NatureLM"",""rs240725""]","","attentive","0.8324217796325684","0.39569222927093506"
"module.network.model_name: convnext_bs","HSN","","convnext_bs","[""biofoundation"",""BirdSet"",""augmentations"",""linearprobing"",""convnext_bs"",""rs240725""]","","default","0.9090398550033568","0.5263567566871643"
"module.network.model_name: convnext_bs","UHH","","convnext_bs","[""biofoundation"",""BirdSet"",""augmentations"",""linearprobing"",""convnext_bs"",""rs240725""]","","default","0.7892017960548401","0.2600884735584259"
"module.network.model_name: convnext_bs","NES","","convnext_bs","[""biofoundation"",""BirdSet"",""augmentations"",""linearprobing"",""convnext_bs"",""rs240725""]","","default","0.8866889476776123","0.3605498969554901"
"module.network.model_name: convnext_bs","POW","","convnext_bs","[""biofoundation"",""BirdSet"",""augmentations"",""linearprobing"",""convnext_bs"",""rs240725""]","","default","0.8405968546867371","0.3847114145755768"
"module.network.model_name: convnext_bs","PER","","convnext_bs","[""biofoundation"",""BirdSet"",""augmentations"",""linearprobing"",""convnext_bs"",""rs240725""]","","default","0.7213100790977478","0.20017145574092865"
"module.network.model_name: BEATs_NatureLM","PER","","BEATs_NatureLM","[""biofoundation"",""BirdSet"",""augmentations"",""attentive"",""BEATs_NatureLM"",""rs240725""]","","attentive","0.7368975877761841","0.2058575302362442"
"module.network.model_name: bird_aves","UHH","","bird_aves","[""biofoundation"",""BirdSet"",""augmentations"",""attentive"",""bird_aves"",""rs110725""]","","attentive","0.7463334202766418","0.1540017127990723"
"module.network.model_name: bird_aves","NES","","bird_aves","[""biofoundation"",""BirdSet"",""augmentations"",""attentive"",""bird_aves"",""rs110725""]","","attentive","0.8855786323547363","0.20376364886760712"
"module.network.model_name: bird_aves","POW","","bird_aves","[""biofoundation"",""BirdSet"",""augmentations"",""attentive"",""bird_aves"",""rs110725""]","","attentive","0.7608959078788757","0.23924311995506287"
"module.network.model_name: bird_aves","SSW","","bird_aves","[""biofoundation"",""BirdSet"",""augmentations"",""attentive"",""bird_aves"",""rs110725""]","","attentive","0.854423463344574","0.1745552122592926"
"module.network.model_name: bird_aves","PER","","bird_aves","[""biofoundation"",""BirdSet"",""augmentations"",""attentive"",""bird_aves"",""rs110725""]","","attentive","0.6364163756370544","0.08657968044281006"
"module.network.model_name: bird_aves","SNE","","bird_aves","[""biofoundation"",""BirdSet"",""augmentations"",""attentive"",""bird_aves"",""rs110725""]","","attentive","0.7602322697639465","0.21206308901309967"
"module.network.model_name: aves","SNE","","aves","[""biofoundation"",""BirdSet"",""augmentations"",""attentive"",""aves"",""rs110725""]","","attentive","0.6723679900169373","0.13928107917308807"
"module.network.model_name: bird_aves","NBP","","bird_aves","[""biofoundation"",""BirdSet"",""augmentations"",""attentive"",""bird_aves"",""rs110725""]","","attentive","0.8161194920539856","0.39054903388023376"
"module.network.model_name: bird_aves","HSN","","bird_aves","[""biofoundation"",""BirdSet"",""augmentations"",""attentive"",""bird_aves"",""rs110725""]","","attentive","0.8173843026161194","0.30483976006507874"
"module.network.model_name: aves","SSW","","aves","[""biofoundation"",""BirdSet"",""augmentations"",""attentive"",""aves"",""rs110725""]","","attentive","0.8048698306083679","0.11195410788059236"
"module.network.model_name: aves","NBP","","aves","[""biofoundation"",""BirdSet"",""augmentations"",""attentive"",""aves"",""rs110725""]","","attentive","0.759040117263794","0.3095038831233978"
"module.network.model_name: aves","HSN","","aves","[""biofoundation"",""BirdSet"",""augmentations"",""attentive"",""aves"",""rs110725""]","","attentive","0.768661618232727","0.20916436612606049"
"module.network.model_name: aves","UHH","","aves","[""biofoundation"",""BirdSet"",""augmentations"",""attentive"",""aves"",""rs110725""]","","attentive","0.7735338807106018","0.14413875341415405"
"module.network.model_name: aves","NES","","aves","[""biofoundation"",""BirdSet"",""augmentations"",""attentive"",""aves"",""rs110725""]","","attentive","0.8384831547737122","0.1671622395515442"
"module.network.model_name: bird_aves","SNE","","bird_aves","[""biofoundation"",""BirdSet"",""augmentations"",""linearprobing"",""bird_aves"",""rs110725""]","","just_cls","0.6494953632354736","0.06507769972085953"
"module.network.model_name: aves","POW","","aves","[""biofoundation"",""BirdSet"",""augmentations"",""attentive"",""aves"",""rs110725""]","","attentive","0.7177126407623291","0.1936512291431427"
"module.network.model_name: aves","PER","","aves","[""biofoundation"",""BirdSet"",""augmentations"",""attentive"",""aves"",""rs110725""]","","attentive","0.5908379554748535","0.056987956166267395"
"module.network.model_name: bird_aves","SSW","","bird_aves","[""biofoundation"",""BirdSet"",""augmentations"",""linearprobing"",""bird_aves"",""rs110725""]","","just_cls","0.7348788380622864","0.034034859389066696"
"module.network.model_name: bird_aves","NBP","","bird_aves","[""biofoundation"",""BirdSet"",""augmentations"",""linearprobing"",""bird_aves"",""rs110725""]","","just_cls","0.6574761271476746","0.14324314892292023"
"module.network.model_name: bird_aves","HSN","","bird_aves","[""biofoundation"",""BirdSet"",""augmentations"",""linearprobing"",""bird_aves"",""rs110725""]","","just_cls","0.6689537763595581","0.051144447177648544"
"module.network.model_name: bird_aves","UHH","","bird_aves","[""biofoundation"",""BirdSet"",""augmentations"",""linearprobing"",""bird_aves"",""rs110725""]","","just_cls","0.5826379060745239","0.07712891697883606"
"module.network.model_name: bird_aves","PER","","bird_aves","[""biofoundation"",""BirdSet"",""augmentations"",""linearprobing"",""bird_aves"",""rs110725""]","","just_cls","0.5720241665840149","0.0378723070025444"
"module.network.model_name: vit_inatsound","SNE","","vit_inatsound","[""biofoundation"",""BirdSet"",""augmentations"",""attentive"",""vit_inatsound"",""rs110725""]","","attentive","0.7042792439460754","0.11440873891115189"
"module.network.model_name: bird_aves","NES","","bird_aves","[""biofoundation"",""BirdSet"",""augmentations"",""linearprobing"",""bird_aves"",""rs110725""]","","just_cls","0.7287894487380981","0.044304028153419495"
"module.network.model_name: aves","SNE","","aves","[""biofoundation"",""BirdSet"",""augmentations"",""linearprobing"",""aves"",""rs110725""]","","just_cls","0.6068361401557922","0.06013089790940285"
"module.network.model_name: vit_inatsound","SSW","","vit_inatsound","[""biofoundation"",""BirdSet"",""augmentations"",""attentive"",""vit_inatsound"",""rs110725""]","","attentive","0.7741925120353699","0.0988040640950203"
"module.network.model_name: bird_aves","POW","","bird_aves","[""biofoundation"",""BirdSet"",""augmentations"",""linearprobing"",""bird_aves"",""rs110725""]","","just_cls","0.6268340945243835","0.10852396488189696"
"module.network.model_name: vit_inatsound","NBP","","vit_inatsound","[""biofoundation"",""BirdSet"",""augmentations"",""attentive"",""vit_inatsound"",""rs110725""]","","attentive","0.7596862316131592","0.2762404978275299"
"module.network.model_name: vit_inatsound","HSN","","vit_inatsound","[""biofoundation"",""BirdSet"",""augmentations"",""attentive"",""vit_inatsound"",""rs110725""]","","attentive","0.6670211553573608","0.14313560724258423"
"module.network.model_name: vit_inatsound","UHH","","vit_inatsound","[""biofoundation"",""BirdSet"",""augmentations"",""attentive"",""vit_inatsound"",""rs110725""]","","attentive","0.6877864599227905","0.11900968104600906"
"module.network.model_name: vit_inatsound","NES","","vit_inatsound","[""biofoundation"",""BirdSet"",""augmentations"",""attentive"",""vit_inatsound"",""rs110725""]","","attentive","0.77122962474823","0.13221432268619537"
"module.network.model_name: vit_inatsound","POW","","vit_inatsound","[""biofoundation"",""BirdSet"",""augmentations"",""attentive"",""vit_inatsound"",""rs110725""]","","attentive","0.6822490692138672","0.17091697454452515"
"module.network.model_name: vit_inatsound","PER","","vit_inatsound","[""biofoundation"",""BirdSet"",""augmentations"",""attentive"",""vit_inatsound"",""rs110725""]","","attentive","0.6062124967575073","0.0735219344496727"
"module.network.model_name: ProtoCLR","NBP","","ProtoCLR","[""biofoundation"",""BirdSet"",""augmentations"",""attentive"",""ProtoCLR"",""rs110725""]","","attentive","0.8502026796340942","0.49798718094825745"
"module.network.model_name: aves","SSW","","aves","[""biofoundation"",""BirdSet"",""augmentations"",""linearprobing"",""aves"",""rs110725""]","","just_cls","0.7093674540519714","0.02882828563451767"
"module.network.model_name: aves","NBP","","aves","[""biofoundation"",""BirdSet"",""augmentations"",""linearprobing"",""aves"",""rs110725""]","","just_cls","0.6353346109390259","0.13924574851989746"
"module.network.model_name: aves","HSN","","aves","[""biofoundation"",""BirdSet"",""augmentations"",""linearprobing"",""aves"",""rs110725""]","","just_cls","0.6036717891693115","0.048937615007162094"
"module.network.model_name: aves","UHH","","aves","[""biofoundation"",""BirdSet"",""augmentations"",""linearprobing"",""aves"",""rs110725""]","","just_cls","0.6551264524459839","0.0918153077363968"
"module.network.model_name: aves","NES","","aves","[""biofoundation"",""BirdSet"",""augmentations"",""linearprobing"",""aves"",""rs110725""]","","just_cls","0.7004687786102295","0.04019315540790558"
"module.network.model_name: aves","POW","","aves","[""biofoundation"",""BirdSet"",""augmentations"",""linearprobing"",""aves"",""rs110725""]","","just_cls","0.6035910844802856","0.1133034974336624"
"module.network.model_name: ProtoCLR","SNE","","ProtoCLR","[""biofoundation"",""BirdSet"",""augmentations"",""attentive"",""ProtoCLR"",""rs110725""]","","attentive","0.7520006895065308","0.21563218533992767"
"module.network.model_name: ProtoCLR","SSW","","ProtoCLR","[""biofoundation"",""BirdSet"",""augmentations"",""attentive"",""ProtoCLR"",""rs110725""]","","attentive","0.8471674919128418","0.2400279939174652"
"module.network.model_name: aves","PER","","aves","[""biofoundation"",""BirdSet"",""augmentations"",""linearprobing"",""aves"",""rs110725""]","","just_cls","0.5474686026573181","0.03000609576702118"
"module.network.model_name: ProtoCLR","HSN","","ProtoCLR","[""biofoundation"",""BirdSet"",""augmentations"",""attentive"",""ProtoCLR"",""rs110725""]","","attentive","0.8081482648849487","0.2837405204772949"
"module.network.model_name: ProtoCLR","UHH","","ProtoCLR","[""biofoundation"",""BirdSet"",""augmentations"",""attentive"",""ProtoCLR"",""rs110725""]","","attentive","0.7327283024787903","0.2074757814407349"
"module.network.model_name: ProtoCLR","NES","","ProtoCLR","[""biofoundation"",""BirdSet"",""augmentations"",""attentive"",""ProtoCLR"",""rs110725""]","","attentive","0.8572362065315247","0.2647375464439392"
"module.network.model_name: biolingual","SNE","","biolingual","[""biofoundation"",""BirdSet"",""augmentations"",""linearprobing"",""biolingual"",""rs110725""]","","just_cls","0.7019100785255432","0.13003231585025787"
"module.network.model_name: ProtoCLR","POW","","ProtoCLR","[""biofoundation"",""BirdSet"",""augmentations"",""attentive"",""ProtoCLR"",""rs110725""]","","attentive","0.767875075340271","0.29099130630493164"
"module.network.model_name: BEATs_NatureLM","SSW","","BEATs_NatureLM","[""biofoundation"",""BirdSet"",""augmentations"",""attentive"",""BEATs_NatureLM"",""rs110725""]","","attentive","0.9317792057991028","0.4378010928630829"
"module.network.model_name: ProtoCLR","PER","","ProtoCLR","[""biofoundation"",""BirdSet"",""augmentations"",""attentive"",""ProtoCLR"",""rs110725""]","","attentive","0.6792875528335571","0.14775477349758148"
"module.network.model_name: biolingual","SSW","","biolingual","[""biofoundation"",""BirdSet"",""augmentations"",""linearprobing"",""biolingual"",""rs110725""]","","just_cls","0.7824146151542664","0.12385833263397215"
"module.network.model_name: BEATs","SNE","","BEATs","[""biofoundation"",""BirdSet"",""augmentations"",""attentive"",""BEATs"",""rs110725""]","","attentive","0.7848733067512512","0.22226658463478088"
"module.network.model_name: eat_ssl","SNE","","eat_ssl","[""biofoundation"",""BirdSet"",""augmentations"",""attentive"",""eat_ssl"",""rs110725""]","","attentive","0.7855425477027893","0.18438640236854553"
"module.network.model_name: biolingual","NBP","","biolingual","[""biofoundation"",""BirdSet"",""augmentations"",""linearprobing"",""biolingual"",""rs110725""]","","just_cls","0.7502651810646057","0.2809731662273407"
"module.network.model_name: biolingual","HSN","","biolingual","[""biofoundation"",""BirdSet"",""augmentations"",""linearprobing"",""biolingual"",""rs110725""]","","just_cls","0.7785719037055969","0.25349292159080505"
"module.network.model_name: biolingual","UHH","","biolingual","[""biofoundation"",""BirdSet"",""augmentations"",""linearprobing"",""biolingual"",""rs110725""]","","just_cls","0.6200988292694092","0.09900441020727158"
"module.network.model_name: BEATs","SSW","","BEATs","[""biofoundation"",""BirdSet"",""augmentations"",""attentive"",""BEATs"",""rs110725""]","","attentive","0.8899297118186951","0.20413513481616977"
"module.network.model_name: eat_ssl","SSW","","eat_ssl","[""biofoundation"",""BirdSet"",""augmentations"",""attentive"",""eat_ssl"",""rs110725""]","","attentive","0.8496235013008118","0.1719794720411301"
"module.network.model_name: eat_ssl","NBP","","eat_ssl","[""biofoundation"",""BirdSet"",""augmentations"",""attentive"",""eat_ssl"",""rs110725""]","","attentive","0.8493874073028564","0.4397564232349396"
"module.network.model_name: BEATs","NBP","","BEATs","[""biofoundation"",""BirdSet"",""augmentations"",""attentive"",""BEATs"",""rs110725""]","","attentive","0.8488261103630066","0.42243051528930664"
"module.network.model_name: eat_ssl","HSN","","eat_ssl","[""biofoundation"",""BirdSet"",""augmentations"",""attentive"",""eat_ssl"",""rs110725""]","","attentive","0.7906820178031921","0.2462719529867172"
"module.network.model_name: eat_ssl","UHH","","eat_ssl","[""biofoundation"",""BirdSet"",""augmentations"",""attentive"",""eat_ssl"",""rs110725""]","","attentive","0.8015541434288025","0.18983174860477448"
"module.network.model_name: biolingual","NES","","biolingual","[""biofoundation"",""BirdSet"",""augmentations"",""linearprobing"",""biolingual"",""rs110725""]","","just_cls","0.7611461281776428","0.10178682953119278"
"module.network.model_name: eat_ssl","NES","","eat_ssl","[""biofoundation"",""BirdSet"",""augmentations"",""attentive"",""eat_ssl"",""rs110725""]","","attentive","0.878757119178772","0.25538161396980286"
"module.network.model_name: biolingual","POW","","biolingual","[""biofoundation"",""BirdSet"",""augmentations"",""linearprobing"",""biolingual"",""rs110725""]","","just_cls","0.7015328407287598","0.17542162537574768"
"module.network.model_name: eat_ssl","POW","","eat_ssl","[""biofoundation"",""BirdSet"",""augmentations"",""attentive"",""eat_ssl"",""rs110725""]","","attentive","0.7367299795150757","0.24420204758644104"
"module.network.model_name: eat_ssl","PER","","eat_ssl","[""biofoundation"",""BirdSet"",""augmentations"",""attentive"",""eat_ssl"",""rs110725""]","","attentive","0.7077791690826416","0.13438300788402557"
"module.network.model_name: BEATs","HSN","","BEATs","[""biofoundation"",""BirdSet"",""augmentations"",""attentive"",""BEATs"",""rs110725""]","","attentive","0.8375284075737","0.3028731048107147"
"module.network.model_name: BEATs","UHH","","BEATs","[""biofoundation"",""BirdSet"",""augmentations"",""attentive"",""BEATs"",""rs110725""]","","attentive","0.8169987797737122","0.20845499634742737"
"module.network.model_name: biolingual","PER","","biolingual","[""biofoundation"",""BirdSet"",""augmentations"",""linearprobing"",""biolingual"",""rs110725""]","","just_cls","0.5860543251037598","0.06676128506660461"
"module.network.model_name: audio_mae","SNE","","audio_mae","[""biofoundation"",""BirdSet"",""augmentations"",""attentive"",""audio_mae"",""rs110725""]","","attentive","0.7825118899345398","0.20072029531002045"
"module.network.model_name: audio_mae","SSW","","audio_mae","[""biofoundation"",""BirdSet"",""augmentations"",""attentive"",""audio_mae"",""rs110725""]","","attentive","0.8376426100730896","0.2243833839893341"
"module.network.model_name: BEATs","SSW","","BEATs","[""biofoundation"",""BirdSet"",""augmentations"",""linearprobing"",""BEATs"",""rs110725""]","","","0.7783861756324768","0.06669680029153824"
"module.network.model_name: biolingual","SNE","","biolingual","[""biofoundation"",""BirdSet"",""augmentations"",""attentive"",""biolingual"",""rs110725""]","","attentive","0.803979754447937","0.22095896303653717"
"module.network.model_name: convnext_bs","SNE","","convnext_bs","[""biofoundation"",""BirdSet"",""augmentations"",""attentive"",""convnext_bs"",""rs110725""]","","attentive","0.8349180817604065","0.3091711699962616"
"module.network.model_name: convnext_bs","SSW","","convnext_bs","[""biofoundation"",""BirdSet"",""augmentations"",""attentive"",""convnext_bs"",""rs110725""]","","attentive","0.9124802947044371","0.3749499320983886"
"module.network.model_name: convnext_bs","NBP","","convnext_bs","[""biofoundation"",""BirdSet"",""augmentations"",""attentive"",""convnext_bs"",""rs110725""]","","attentive","0.92308509349823","0.6528921723365784"
"module.network.model_name: convnext_bs","HSN","","convnext_bs","[""biofoundation"",""BirdSet"",""augmentations"",""attentive"",""convnext_bs"",""rs110725""]","","attentive","0.8789411187171936","0.4927003085613251"
"module.network.model_name: convnext_bs","UHH","","convnext_bs","[""biofoundation"",""BirdSet"",""augmentations"",""attentive"",""convnext_bs"",""rs110725""]","","attentive","0.742559015750885","0.23824283480644223"
"module.network.model_name: convnext_bs","NES","","convnext_bs","[""biofoundation"",""BirdSet"",""augmentations"",""attentive"",""convnext_bs"",""rs110725""]","","attentive","0.8723641037940979","0.34332510828971863"
"module.network.model_name: convnext_bs","POW","","convnext_bs","[""biofoundation"",""BirdSet"",""augmentations"",""attentive"",""convnext_bs"",""rs110725""]","","attentive","0.8304621577262878","0.38227495551109314"
"module.network.model_name: biolingual","SSW","","biolingual","[""biofoundation"",""BirdSet"",""augmentations"",""attentive"",""biolingual"",""rs110725""]","","attentive","0.9090073108673096","0.3131757080554962"
"module.network.model_name: convnext_bs","PER","","convnext_bs","[""biofoundation"",""BirdSet"",""augmentations"",""attentive"",""convnext_bs"",""rs110725""]","","attentive","0.7220179438591003","0.1891312152147293"
"module.network.model_name: BEATs_NatureLM","SNE","","BEATs_NatureLM","[""biofoundation"",""BirdSet"",""augmentations"",""attentive"",""BEATs_NatureLM"",""rs110725""]","","attentive","0.8174508213996887","0.28483980894088745"
"module.network.model_name: biolingual","NBP","","biolingual","[""biofoundation"",""BirdSet"",""augmentations"",""attentive"",""biolingual"",""rs110725""]","","attentive","0.8854864239692688","0.5540518164634705"
"module.network.model_name: biolingual","HSN","","biolingual","[""biofoundation"",""BirdSet"",""augmentations"",""attentive"",""biolingual"",""rs110725""]","","attentive","0.821536660194397","0.41811344027519226"
"module.network.model_name: surfperch","NBP","false","surfperch","[""biofoundation"",""BirdSet"",""augmentations"",""linearprobing"",""surfperch"",""rs110725""]","","","0.7923580408096313","0.35618239641189575"
"module.network.model_name: surfperch","HSN","false","surfperch","[""biofoundation"",""BirdSet"",""augmentations"",""linearprobing"",""surfperch"",""rs110725""]","","","0.8191732168197632","0.3271360993385315"
"module.network.model_name: biolingual","UHH","","biolingual","[""biofoundation"",""BirdSet"",""augmentations"",""attentive"",""biolingual"",""rs110725""]","","attentive","0.7989283800125122","0.2327018827199936"
"module.network.model_name: surfperch","PER","false","surfperch","[""biofoundation"",""BirdSet"",""augmentations"",""linearprobing"",""surfperch"",""rs110725""]","","","0.6573673486709595","0.08984456211328506"
"module.network.model_name: perch","SNE","false","perch","[""biofoundation"",""BirdSet"",""augmentations"",""linearprobing"",""perch"",""rs110725""]","","","0.8400390148162842","0.311295747756958"
"module.network.model_name: perch","SSW","false","perch","[""biofoundation"",""BirdSet"",""augmentations"",""linearprobing"",""perch"",""rs110725""]","","","0.9284873604774476","0.32809874415397644"
"module.network.model_name: perch","NBP","false","perch","[""biofoundation"",""BirdSet"",""augmentations"",""linearprobing"",""perch"",""rs110725""]","","","0.9259645342826844","0.6490446329116821"
"module.network.model_name: perch","HSN","false","perch","[""biofoundation"",""BirdSet"",""augmentations"",""linearprobing"",""perch"",""rs110725""]","","","0.9146374464035034","0.4963755905628204"
"module.network.model_name: perch","UHH","false","perch","[""biofoundation"",""BirdSet"",""augmentations"",""linearprobing"",""perch"",""rs110725""]","","","0.7494372725486755","0.23639699816703796"
"module.network.model_name: perch","NES","false","perch","[""biofoundation"",""BirdSet"",""augmentations"",""linearprobing"",""perch"",""rs110725""]","","","0.9166479110717772","0.38210469484329224"
"module.network.model_name: biolingual","NES","","biolingual","[""biofoundation"",""BirdSet"",""augmentations"",""attentive"",""biolingual"",""rs110725""]","","attentive","0.8755620121955872","0.29367363452911377"
"module.network.model_name: perch","POW","false","perch","[""biofoundation"",""BirdSet"",""augmentations"",""linearprobing"",""perch"",""rs110725""]","","","0.8511320352554321","0.3575930595397949"
"module.network.model_name: perch","PER","false","perch","[""biofoundation"",""BirdSet"",""augmentations"",""linearprobing"",""perch"",""rs110725""]","","","0.7216949462890625","0.1950167566537857"
"module.network.model_name: BEATs_NatureLM","NBP","","BEATs_NatureLM","[""biofoundation"",""BirdSet"",""augmentations"",""attentive"",""BEATs_NatureLM"",""rs110725""]","","attentive","0.9023544788360596","0.6190058588981628"
"module.network.model_name: BEATs_NatureLM","HSN","","BEATs_NatureLM","[""biofoundation"",""BirdSet"",""augmentations"",""attentive"",""BEATs_NatureLM"",""rs110725""]","","attentive","0.8397672772407532","0.4658508002758026"
"module.network.model_name: BEATs_NatureLM","UHH","","BEATs_NatureLM","[""biofoundation"",""BirdSet"",""augmentations"",""attentive"",""BEATs_NatureLM"",""rs110725""]","","attentive","0.8074328303337097","0.26759326457977295"
"module.network.model_name: biolingual","POW","","biolingual","[""biofoundation"",""BirdSet"",""augmentations"",""attentive"",""biolingual"",""rs110725""]","","attentive","0.7712799906730652","0.31704995036125183"
"module.network.model_name: BEATs_NatureLM","NES","","BEATs_NatureLM","[""biofoundation"",""BirdSet"",""augmentations"",""attentive"",""BEATs_NatureLM"",""rs110725""]","","attentive","0.894290566444397","0.3590596616268158"
"module.network.model_name: BEATs_NatureLM","POW","","BEATs_NatureLM","[""biofoundation"",""BirdSet"",""augmentations"",""attentive"",""BEATs_NatureLM"",""rs110725""]","","attentive","0.8295955657958984","0.385840505361557"
"module.network.model_name: biolingual","PER","","biolingual","[""biofoundation"",""BirdSet"",""augmentations"",""attentive"",""biolingual"",""rs110725""]","","attentive","0.6837957501411438","0.15035058557987213"
"module.network.model_name: BEATs_NatureLM","PER","","BEATs_NatureLM","[""biofoundation"",""BirdSet"",""augmentations"",""attentive"",""BEATs_NatureLM"",""rs110725""]","","attentive","0.7221553921699524","0.21236473321914673"
"module.network.model_name: BEATs","NES","","BEATs","[""biofoundation"",""BirdSet"",""augmentations"",""attentive"",""BEATs"",""rs110725""]","","attentive","0.8700547814369202","0.240035280585289"
"module.network.model_name: BEATs","POW","","BEATs","[""biofoundation"",""BirdSet"",""augmentations"",""attentive"",""BEATs"",""rs110725""]","","attentive","0.7686864733695984","0.25780293345451355"
"module.network.model_name: BEATs","PER","","BEATs","[""biofoundation"",""BirdSet"",""augmentations"",""attentive"",""BEATs"",""rs110725""]","","attentive","0.7090478539466858","0.14890821278095245"
"module.network.model_name: audio_mae","NBP","","audio_mae","[""biofoundation"",""BirdSet"",""augmentations"",""attentive"",""audio_mae"",""rs110725""]","","attentive","0.8343580961227417","0.43970873951911926"
"module.network.model_name: audio_mae","HSN","","audio_mae","[""biofoundation"",""BirdSet"",""augmentations"",""attentive"",""audio_mae"",""rs110725""]","","attentive","0.8375691175460815","0.28539738059043884"
"module.network.model_name: audio_mae","UHH","","audio_mae","[""biofoundation"",""BirdSet"",""augmentations"",""attentive"",""audio_mae"",""rs110725""]","","attentive","0.8257271647453308","0.20451143383979797"
"module.network.model_name: audio_mae","NES","","audio_mae","[""biofoundation"",""BirdSet"",""augmentations"",""attentive"",""audio_mae"",""rs110725""]","","attentive","0.8632774949073792","0.252362996339798"
"module.network.model_name: audio_mae","POW","","audio_mae","[""biofoundation"",""BirdSet"",""augmentations"",""attentive"",""audio_mae"",""rs110725""]","","attentive","0.7657877206802368","0.2706732749938965"
"module.network.model_name: audio_mae","PER","","audio_mae","[""biofoundation"",""BirdSet"",""augmentations"",""attentive"",""audio_mae"",""rs110725""]","","attentive","0.691958487033844","0.13877548277378082"
"module.network.model_name: BEATs","SNE","","BEATs","[""biofoundation"",""BirdSet"",""augmentations"",""linearprobing"",""BEATs"",""rs110725""]","","","0.7343889474868774","0.11371829360723495"
"module.network.model_name: eat_ssl","SNE","","eat_ssl","[""biofoundation"",""BirdSet"",""augmentations"",""linearprobing"",""eat_ssl"",""rs110725""]","","just_cls","0.7066017985343933","0.12164409458637238"
"module.network.model_name: eat_ssl","SSW","","eat_ssl","[""biofoundation"",""BirdSet"",""augmentations"",""linearprobing"",""eat_ssl"",""rs110725""]","","just_cls","0.7761525511741638","0.0863097533583641"
"module.network.model_name: BEATs","NBP","","BEATs","[""biofoundation"",""BirdSet"",""augmentations"",""linearprobing"",""BEATs"",""rs110725""]","","","0.7530325651168823","0.2363593876361847"
"module.network.model_name: eat_ssl","NBP","","eat_ssl","[""biofoundation"",""BirdSet"",""augmentations"",""linearprobing"",""eat_ssl"",""rs110725""]","","just_cls","0.805435061454773","0.31794607639312744"
"module.network.model_name: BEATs","HSN","","BEATs","[""biofoundation"",""BirdSet"",""augmentations"",""linearprobing"",""BEATs"",""rs110725""]","","","0.7516595125198364","0.13395525515079498"
"module.network.model_name: BEATs","UHH","","BEATs","[""biofoundation"",""BirdSet"",""augmentations"",""linearprobing"",""BEATs"",""rs110725""]","","","0.6898596286773682","0.09893055260181428"
"module.network.model_name: eat_ssl","HSN","","eat_ssl","[""biofoundation"",""BirdSet"",""augmentations"",""linearprobing"",""eat_ssl"",""rs110725""]","","just_cls","0.6769598126411438","0.16501840949058533"
"module.network.model_name: eat_ssl","UHH","","eat_ssl","[""biofoundation"",""BirdSet"",""augmentations"",""linearprobing"",""eat_ssl"",""rs110725""]","","just_cls","0.6535831093788147","0.10286211967468262"
"module.network.model_name: BEATs","NES","","BEATs","[""biofoundation"",""BirdSet"",""augmentations"",""linearprobing"",""BEATs"",""rs110725""]","","","0.771908700466156","0.08189831674098969"
"module.network.model_name: eat_ssl","NES","","eat_ssl","[""biofoundation"",""BirdSet"",""augmentations"",""linearprobing"",""eat_ssl"",""rs110725""]","","just_cls","0.7944899201393127","0.12898404896259308"
"module.network.model_name: eat_ssl","POW","","eat_ssl","[""biofoundation"",""BirdSet"",""augmentations"",""linearprobing"",""eat_ssl"",""rs110725""]","","just_cls","0.694538950920105","0.1838807314634323"
"module.network.model_name: BEATs","POW","","BEATs","[""biofoundation"",""BirdSet"",""augmentations"",""linearprobing"",""BEATs"",""rs110725""]","","","0.6666858196258545","0.14485818147659302"
"module.network.model_name: BEATs","PER","","BEATs","[""biofoundation"",""BirdSet"",""augmentations"",""linearprobing"",""BEATs"",""rs110725""]","","","0.6203634142875671","0.05791226029396057"
"module.network.model_name: eat_ssl","PER","","eat_ssl","[""biofoundation"",""BirdSet"",""augmentations"",""linearprobing"",""eat_ssl"",""rs110725""]","","just_cls","0.6430757641792297","0.07550207525491714"
"module.network.model_name: convnext_bs","SNE","","convnext_bs","[""biofoundation"",""BirdSet"",""augmentations"",""linearprobing"",""convnext_bs"",""rs110725""]","","default","0.8533980250358582","0.32248425483703613"
"module.network.model_name: convnext_bs","SSW","","convnext_bs","[""biofoundation"",""BirdSet"",""augmentations"",""linearprobing"",""convnext_bs"",""rs110725""]","","default","0.9250418543815612","0.398098349571228"
"module.network.model_name: convnext_bs","NBP","","convnext_bs","[""biofoundation"",""BirdSet"",""augmentations"",""linearprobing"",""convnext_bs"",""rs110725""]","","default","0.922702968120575","0.6591715216636658"
"module.network.model_name: convnext_bs","HSN","","convnext_bs","[""biofoundation"",""BirdSet"",""augmentations"",""linearprobing"",""convnext_bs"",""rs110725""]","","default","0.9060885310173036","0.5274938344955444"
"module.network.model_name: convnext_bs","UHH","","convnext_bs","[""biofoundation"",""BirdSet"",""augmentations"",""linearprobing"",""convnext_bs"",""rs110725""]","","default","0.780612587928772","0.2670038342475891"
"module.network.model_name: convnext_bs","NES","","convnext_bs","[""biofoundation"",""BirdSet"",""augmentations"",""linearprobing"",""convnext_bs"",""rs110725""]","","default","0.8864191770553589","0.363179475069046"
"module.network.model_name: convnext_bs","POW","","convnext_bs","[""biofoundation"",""BirdSet"",""augmentations"",""linearprobing"",""convnext_bs"",""rs110725""]","","default","0.8367913961410522","0.38692426681518555"
"module.network.model_name: convnext_bs","PER","","convnext_bs","[""biofoundation"",""BirdSet"",""augmentations"",""linearprobing"",""convnext_bs"",""rs110725""]","","default","0.7242094278335571","0.19829325377941132"
"module.network.model_name: BEATs_NatureLM","SNE","","BEATs_NatureLM","[""biofoundation"",""BirdSet"",""augmentations"",""linearprobing"",""BEATs_NatureLM"",""rs110725""]","","","0.78415846824646","0.19849394261837008"
"module.network.model_name: BEATs_NatureLM","SSW","","BEATs_NatureLM","[""biofoundation"",""BirdSet"",""augmentations"",""linearprobing"",""BEATs_NatureLM"",""rs110725""]","","","0.8964534997940063","0.21156109869480133"
"module.network.model_name: vit_inatsound","SNE","","vit_inatsound","[""biofoundation"",""BirdSet"",""augmentations"",""linearprobing"",""vit_inatsound"",""rs110725""]","","just_cls","0.6615189909934998","0.08122073858976364"
"module.network.model_name: BEATs_NatureLM","NBP","","BEATs_NatureLM","[""biofoundation"",""BirdSet"",""augmentations"",""linearprobing"",""BEATs_NatureLM"",""rs110725""]","","","0.8501429557800293","0.4157451093196869"
"module.network.model_name: vit_inatsound","SSW","","vit_inatsound","[""biofoundation"",""BirdSet"",""augmentations"",""linearprobing"",""vit_inatsound"",""rs110725""]","","just_cls","0.7288804650306702","0.060090072453022"
"module.network.model_name: BEATs_NatureLM","HSN","","BEATs_NatureLM","[""biofoundation"",""BirdSet"",""augmentations"",""linearprobing"",""BEATs_NatureLM"",""rs110725""]","","","0.8442021608352661","0.23957249522209167"
"module.network.model_name: audio_mae","SNE","","audio_mae","[""biofoundation"",""BirdSet"",""augmentations"",""linearprobing"",""audio_mae"",""rs110725""]","","just_cls","0.7291397452354431","0.11818218976259232"
"module.network.model_name: BEATs_NatureLM","UHH","","BEATs_NatureLM","[""biofoundation"",""BirdSet"",""augmentations"",""linearprobing"",""BEATs_NatureLM"",""rs110725""]","","","0.7345814108848572","0.1212201565504074"
"module.network.model_name: vit_inatsound","NBP","","vit_inatsound","[""biofoundation"",""BirdSet"",""augmentations"",""linearprobing"",""vit_inatsound"",""rs110725""]","","just_cls","0.6937809586524963","0.19613398611545563"
"module.network.model_name: vit_inatsound","HSN","","vit_inatsound","[""biofoundation"",""BirdSet"",""augmentations"",""linearprobing"",""vit_inatsound"",""rs110725""]","","just_cls","0.677949845790863","0.10180588811635972"
"module.network.model_name: vit_inatsound","UHH","","vit_inatsound","[""biofoundation"",""BirdSet"",""augmentations"",""linearprobing"",""vit_inatsound"",""rs110725""]","","just_cls","0.651931643486023","0.10200469195842744"
"module.network.model_name: vit_inatsound","NES","","vit_inatsound","[""biofoundation"",""BirdSet"",""augmentations"",""linearprobing"",""vit_inatsound"",""rs110725""]","","just_cls","0.7239332795143127","0.07741132378578186"
"module.network.model_name: vit_inatsound","POW","","vit_inatsound","[""biofoundation"",""BirdSet"",""augmentations"",""linearprobing"",""vit_inatsound"",""rs110725""]","","just_cls","0.6489521265029907","0.1390511989593506"
"module.network.model_name: BEATs_NatureLM","NES","","BEATs_NatureLM","[""biofoundation"",""BirdSet"",""augmentations"",""linearprobing"",""BEATs_NatureLM"",""rs110725""]","","","0.8396093845367432","0.140956312417984"
"module.network.model_name: audio_mae","SSW","","audio_mae","[""biofoundation"",""BirdSet"",""augmentations"",""linearprobing"",""audio_mae"",""rs110725""]","","just_cls","0.8204213976860046","0.08738037198781967"
"module.network.model_name: vit_inatsound","PER","","vit_inatsound","[""biofoundation"",""BirdSet"",""augmentations"",""linearprobing"",""vit_inatsound"",""rs110725""]","","just_cls","0.5946211814880371","0.047091174870729446"
"module.network.model_name: ProtoCLR","SNE","","ProtoCLR","[""biofoundation"",""BirdSet"",""augmentations"",""linearprobing"",""ProtoCLR"",""rs110725""]","","just_cls","0.7253550291061401","0.19629503786563873"
"module.network.model_name: BEATs_NatureLM","POW","","BEATs_NatureLM","[""biofoundation"",""BirdSet"",""augmentations"",""linearprobing"",""BEATs_NatureLM"",""rs110725""]","","","0.7799614667892456","0.23482388257980347"
"module.network.model_name: audio_mae","NBP","","audio_mae","[""biofoundation"",""BirdSet"",""augmentations"",""linearprobing"",""audio_mae"",""rs110725""]","","just_cls","0.7566395998001099","0.2592441439628601"
"module.network.model_name: audio_mae","HSN","","audio_mae","[""biofoundation"",""BirdSet"",""augmentations"",""linearprobing"",""audio_mae"",""rs110725""]","","just_cls","0.7671926021575928","0.14543449878692627"
"module.network.model_name: audio_mae","UHH","","audio_mae","[""biofoundation"",""BirdSet"",""augmentations"",""linearprobing"",""audio_mae"",""rs110725""]","","just_cls","0.7696852087974548","0.14687134325504303"
"module.network.model_name: ProtoCLR","SSW","","ProtoCLR","[""biofoundation"",""BirdSet"",""augmentations"",""linearprobing"",""ProtoCLR"",""rs110725""]","","just_cls","0.8094034194946289","0.18803901970386505"
"module.network.model_name: BEATs_NatureLM","PER","","BEATs_NatureLM","[""biofoundation"",""BirdSet"",""augmentations"",""linearprobing"",""BEATs_NatureLM"",""rs110725""]","","","0.6584372520446777","0.06874219328165054"
"module.network.model_name: audio_mae","NES","","audio_mae","[""biofoundation"",""BirdSet"",""augmentations"",""linearprobing"",""audio_mae"",""rs110725""]","","just_cls","0.8015725016593933","0.11056742072105408"
"module.network.model_name: ProtoCLR","NBP","","ProtoCLR","[""biofoundation"",""BirdSet"",""augmentations"",""linearprobing"",""ProtoCLR"",""rs110725""]","","just_cls","0.8096942901611328","0.4211591482162475"
"module.network.model_name: ProtoCLR","HSN","","ProtoCLR","[""biofoundation"",""BirdSet"",""augmentations"",""linearprobing"",""ProtoCLR"",""rs110725""]","","just_cls","0.7639336585998535","0.27931272983551025"
"module.network.model_name: ProtoCLR","UHH","","ProtoCLR","[""biofoundation"",""BirdSet"",""augmentations"",""linearprobing"",""ProtoCLR"",""rs110725""]","","just_cls","0.7121819257736206","0.17763517796993256"
"module.network.model_name: audio_mae","POW","","audio_mae","[""biofoundation"",""BirdSet"",""augmentations"",""linearprobing"",""audio_mae"",""rs110725""]","","just_cls","0.6821198463439941","0.14971178770065308"
"module.network.model_name: ProtoCLR","NES","","ProtoCLR","[""biofoundation"",""BirdSet"",""augmentations"",""linearprobing"",""ProtoCLR"",""rs110725""]","","just_cls","0.8138163685798645","0.2353566288948059"
"module.network.model_name: ProtoCLR","POW","","ProtoCLR","[""biofoundation"",""BirdSet"",""augmentations"",""linearprobing"",""ProtoCLR"",""rs110725""]","","just_cls","0.7601463794708252","0.2779971659183502"
"module.network.model_name: ProtoCLR","PER","","ProtoCLR","[""biofoundation"",""BirdSet"",""augmentations"",""linearprobing"",""ProtoCLR"",""rs110725""]","","just_cls","0.68174809217453","0.12934798002243042"
"module.network.model_name: audio_mae","PER","","audio_mae","[""biofoundation"",""BirdSet"",""augmentations"",""linearprobing"",""audio_mae"",""rs110725""]","","just_cls","0.6248802542686462","0.05774985626339912"
"module.network.model_name: convnext_bs","SNE","","convnext_bs","[""biofoundation"",""BirdSet"",""augmentations"",""attentive"",""convnext_bs""]","","attentive","0.6910555958747864","0.16991136968135834"
"module.network.model_name: convnext_bs","SSW","","convnext_bs","[""biofoundation"",""BirdSet"",""augmentations"",""attentive"",""convnext_bs""]","","attentive","0.8073112368583679","0.2065030038356781"
"module.network.model_name: convnext_bs","NBP","","convnext_bs","[""biofoundation"",""BirdSet"",""augmentations"",""attentive"",""convnext_bs""]","","attentive","0.7979825735092163","0.43802353739738464"
"module.network.model_name: convnext_bs","HSN","","convnext_bs","[""biofoundation"",""BirdSet"",""augmentations"",""attentive"",""convnext_bs""]","","attentive","0.703096330165863","0.28966572880744934"
"module.network.model_name: convnext_bs","UHH","","convnext_bs","[""biofoundation"",""BirdSet"",""augmentations"",""attentive"",""convnext_bs""]","","attentive","0.7360194325447083","0.19295282661914823"
"module.network.model_name: convnext_bs","NES","","convnext_bs","[""biofoundation"",""BirdSet"",""augmentations"",""attentive"",""convnext_bs""]","","attentive","0.852631151676178","0.2965974509716034"
"module.network.model_name: convnext_bs","POW","","convnext_bs","[""biofoundation"",""BirdSet"",""augmentations"",""attentive"",""convnext_bs""]","","attentive","0.7892855405807495","0.31929051876068115"
"module.network.model_name: convnext_bs","PER","","convnext_bs","[""biofoundation"",""BirdSet"",""augmentations"",""attentive"",""convnext_bs""]","","attentive","0.6352669596672058","0.12980085611343384"
"module.network.model_name: surfperch","PER","false","surfperch","[""biofoundation"",""BirdSet"",""augmentations"",""linearprobing"",""surfperch""]","","","0.6573368906974792","0.08982089161872864"
"module.network.model_name: perch","SNE","true","perch","[""biofoundation"",""BirdSet"",""augmentations"",""linearprobing"",""perch""]","","","0.8259024024009705","0.28719809651374817"
"module.network.model_name: perch","SSW","true","perch","[""biofoundation"",""BirdSet"",""augmentations"",""linearprobing"",""perch""]","","","0.9091308116912842","0.28354009985923767"
"module.network.model_name: perch","NBP","true","perch","[""biofoundation"",""BirdSet"",""augmentations"",""linearprobing"",""perch""]","","","0.9042123556137084","0.6067025065422058"
"module.network.model_name: perch","HSN","true","perch","[""biofoundation"",""BirdSet"",""augmentations"",""linearprobing"",""perch""]","","","0.8625297546386719","0.4522654712200165"
"module.network.model_name: perch","UHH","true","perch","[""biofoundation"",""BirdSet"",""augmentations"",""linearprobing"",""perch""]","","","0.7615073323249817","0.26717856526374817"
"module.network.model_name: perch","NES","true","perch","[""biofoundation"",""BirdSet"",""augmentations"",""linearprobing"",""perch""]","","","0.9077798128128052","0.3808610737323761"
"module.network.model_name: perch","POW","true","perch","[""biofoundation"",""BirdSet"",""augmentations"",""linearprobing"",""perch""]","","","0.8359713554382324","0.30409175157546997"
"module.network.model_name: perch","PER","true","perch","[""biofoundation"",""BirdSet"",""augmentations"",""linearprobing"",""perch""]","","","0.7049110531806946","0.18234896659851071"
"module.network.model_name: surfperch","SNE","true","surfperch","[""biofoundation"",""BirdSet"",""augmentations"",""linearprobing"",""surfperch""]","","","0.7928091883659363","0.17297910153865814"
"module.network.model_name: surfperch","SSW","true","surfperch","[""biofoundation"",""BirdSet"",""augmentations"",""linearprobing"",""surfperch""]","","","0.8637537360191345","0.13243255019187927"
"module.network.model_name: surfperch","NBP","true","surfperch","[""biofoundation"",""BirdSet"",""augmentations"",""linearprobing"",""surfperch""]","","","0.7464320063591003","0.32215002179145813"
"module.network.model_name: surfperch","HSN","true","surfperch","[""biofoundation"",""BirdSet"",""augmentations"",""linearprobing"",""surfperch""]","","","0.8567984700202942","0.3018217086791992"
"module.network.model_name: surfperch","UHH","true","surfperch","[""biofoundation"",""BirdSet"",""augmentations"",""linearprobing"",""surfperch""]","","","0.7839755415916443","0.20134828984737396"
"module.network.model_name: surfperch","NES","true","surfperch","[""biofoundation"",""BirdSet"",""augmentations"",""linearprobing"",""surfperch""]","","","0.8831371665000916","0.24435143172740936"
"module.network.model_name: surfperch","POW","true","surfperch","[""biofoundation"",""BirdSet"",""augmentations"",""linearprobing"",""surfperch""]","","","0.7483274340629578","0.2307147681713104"
"module.network.model_name: surfperch","PER","true","surfperch","[""biofoundation"",""BirdSet"",""augmentations"",""linearprobing"",""surfperch""]","","","0.6415678262710571","0.08785602450370789"
"module.network.model_name: biolingual","SSW","","biolingual","[""biofoundation"",""BirdSet"",""augmentations"",""attentive"",""biolingual""]","","attentive","0.90829598903656","0.3114077150821686"
"module.network.model_name: surfperch","SNE","false","surfperch","[""biofoundation"",""BirdSet"",""augmentations"",""linearprobing"",""surfperch""]","","","0.7361610531806946","0.14002738893032074"
"module.network.model_name: biolingual","NES","","biolingual","[""biofoundation"",""BirdSet"",""augmentations"",""linearprobing"",""biolingual""]","","just_cls","0.756597638130188","0.10347403585910796"
"module.network.model_name: BEATs","UHH","","BEATs","[""biofoundation"",""BirdSet"",""augmentations"",""attentive"",""BEATs""]","","attentive","0.8167937397956848","0.20848003029823303"
"module.network.model_name: biolingual","SNE","","biolingual","[""biofoundation"",""BirdSet"",""augmentations"",""attentive"",""biolingual""]","","attentive","0.804729700088501","0.22461052238941193"
"module.network.model_name: biolingual","PER","","biolingual","[""biofoundation"",""BirdSet"",""augmentations"",""attentive"",""biolingual""]","","attentive","0.6855574250221252","0.14927442371845245"
"module.network.model_name: biolingual","NBP","","biolingual","[""biofoundation"",""BirdSet"",""augmentations"",""attentive"",""biolingual""]","","attentive","0.8864187002182007","0.5542739629745483"
"module.network.model_name: BEATs","SNE","","BEATs","[""biofoundation"",""BirdSet"",""augmentations"",""attentive"",""BEATs""]","","attentive","0.7857820987701416","0.22114451229572296"
"module.network.model_name: BEATs","SSW","","BEATs","[""biofoundation"",""BirdSet"",""augmentations"",""attentive"",""BEATs""]","","attentive","0.8920096755027771","0.2028358429670334"
"module.network.model_name: BEATs","HSN","","BEATs","[""biofoundation"",""BirdSet"",""augmentations"",""attentive"",""BEATs""]","","attentive","0.8343822360038757","0.3028913736343384"
"module.network.model_name: biolingual","HSN","","biolingual","[""biofoundation"",""BirdSet"",""augmentations"",""attentive"",""biolingual""]","","attentive","0.8287061452865601","0.4077128767967224"
"module.network.model_name: BEATs","NBP","","BEATs","[""biofoundation"",""BirdSet"",""augmentations"",""attentive"",""BEATs""]","","attentive","0.8507484793663025","0.42727112770080566"
"module.network.model_name: biolingual","UHH","","biolingual","[""biofoundation"",""BirdSet"",""augmentations"",""attentive"",""biolingual""]","","attentive","0.7930137515068054","0.2295939028263092"
"module.network.model_name: vit_inatsound","SNE","","vit_inatsound","[""biofoundation"",""BirdSet"",""augmentations"",""attentive"",""vit_inatsound""]","","attentive","0.7041388154029846","0.11327879130840302"
"module.network.model_name: vit_inatsound","SSW","","vit_inatsound","[""biofoundation"",""BirdSet"",""augmentations"",""attentive"",""vit_inatsound""]","","attentive","0.7737183570861816","0.09811417758464812"
"module.network.model_name: vit_inatsound","NBP","","vit_inatsound","[""biofoundation"",""BirdSet"",""augmentations"",""attentive"",""vit_inatsound""]","","attentive","0.7599610090255737","0.27846559882164"
"module.network.model_name: vit_inatsound","HSN","","vit_inatsound","[""biofoundation"",""BirdSet"",""augmentations"",""attentive"",""vit_inatsound""]","","attentive","0.6682814955711365","0.1432289183139801"
"module.network.model_name: vit_inatsound","UHH","","vit_inatsound","[""biofoundation"",""BirdSet"",""augmentations"",""attentive"",""vit_inatsound""]","","attentive","0.6873354315757751","0.118988998234272"
"module.network.model_name: BEATs","NES","","BEATs","[""biofoundation"",""BirdSet"",""augmentations"",""attentive"",""BEATs""]","","attentive","0.8726417422294617","0.2501024901866913"
"module.network.model_name: vit_inatsound","NES","","vit_inatsound","[""biofoundation"",""BirdSet"",""augmentations"",""attentive"",""vit_inatsound""]","","attentive","0.7692925930023193","0.13184143602848053"
"module.network.model_name: vit_inatsound","POW","","vit_inatsound","[""biofoundation"",""BirdSet"",""augmentations"",""attentive"",""vit_inatsound""]","","attentive","0.6827923655509949","0.171848326921463"
"module.network.model_name: vit_inatsound","PER","","vit_inatsound","[""biofoundation"",""BirdSet"",""augmentations"",""attentive"",""vit_inatsound""]","","attentive","0.6068013906478882","0.07339105755090714"
"module.network.model_name: BEATs","POW","","BEATs","[""biofoundation"",""BirdSet"",""augmentations"",""attentive"",""BEATs""]","","attentive","0.7699236869812012","0.2556506097316742"
"module.network.model_name: biolingual","NES","","biolingual","[""biofoundation"",""BirdSet"",""augmentations"",""attentive"",""biolingual""]","","attentive","0.8670254945755005","0.28781935572624207"
"module.network.model_name: BEATs","PER","","BEATs","[""biofoundation"",""BirdSet"",""augmentations"",""attentive"",""BEATs""]","","attentive","0.7095426321029663","0.14933253824710846"
"module.network.model_name: biolingual","SSW","","biolingual","[""biofoundation"",""BirdSet"",""augmentations"",""linearprobing"",""biolingual""]","","just_cls","0.7717409133911133","0.12465443462133408"
"module.network.model_name: biolingual","NBP","","biolingual","[""biofoundation"",""BirdSet"",""augmentations"",""linearprobing"",""biolingual""]","","just_cls","0.7427270412445068","0.2850295305252075"
"module.network.model_name: biolingual","UHH","","biolingual","[""biofoundation"",""BirdSet"",""augmentations"",""linearprobing"",""biolingual""]","","just_cls","0.6164467334747314","0.09904194623231888"
"module.network.model_name: ProtoCLR","SNE","","ProtoCLR","[""biofoundation"",""BirdSet"",""augmentations"",""linearprobing"",""ProtoCLR""]","","just_cls","0.7250450849533081","0.196121945977211"
"module.network.model_name: biolingual","PER","","biolingual","[""biofoundation"",""BirdSet"",""augmentations"",""linearprobing"",""biolingual""]","","","0.5850799083709717","0.06867396831512451"
"module.network.model_name: bird_aves","SNE","","bird_aves","[""biofoundation"",""BirdSet"",""augmentations"",""attentive"",""bird_aves""]","","attentive","0.759514570236206","0.19989056885242465"
"module.network.model_name: ProtoCLR","SSW","","ProtoCLR","[""biofoundation"",""BirdSet"",""augmentations"",""linearprobing"",""ProtoCLR""]","","just_cls","0.8092292547225952","0.1879224330186844"
"module.network.model_name: ProtoCLR","NBP","","ProtoCLR","[""biofoundation"",""BirdSet"",""augmentations"",""linearprobing"",""ProtoCLR""]","","just_cls","0.8093936443328857","0.4212145209312439"
"module.network.model_name: ProtoCLR","HSN","","ProtoCLR","[""biofoundation"",""BirdSet"",""augmentations"",""linearprobing"",""ProtoCLR""]","","just_cls","0.7644444704055786","0.27972719073295593"
"module.network.model_name: biolingual","POW","","biolingual","[""biofoundation"",""BirdSet"",""augmentations"",""linearprobing"",""biolingual"",""validation"",""POW""]","","","0.7010254263877869","0.1770886331796646"
"module.network.model_name: ProtoCLR","SNE","","ProtoCLR","[""biofoundation"",""BirdSet"",""augmentations"",""attentive"",""ProtoCLR""]","","attentive","0.7473180294036865","0.21687567234039307"
"module.network.model_name: ProtoCLR","SSW","","ProtoCLR","[""biofoundation"",""BirdSet"",""augmentations"",""attentive"",""ProtoCLR""]","","attentive","0.8458890914916992","0.23699651658535004"
"module.network.model_name: ProtoCLR","UHH","","ProtoCLR","[""biofoundation"",""BirdSet"",""augmentations"",""linearprobing"",""ProtoCLR""]","","just_cls","0.7124083042144775","0.17778967320919037"
"module.network.model_name: ProtoCLR","NBP","","ProtoCLR","[""biofoundation"",""BirdSet"",""augmentations"",""attentive"",""ProtoCLR""]","","attentive","0.8465522527694702","0.4976089000701904"
"module.network.model_name: ProtoCLR","NES","","ProtoCLR","[""biofoundation"",""BirdSet"",""augmentations"",""linearprobing"",""ProtoCLR""]","","just_cls","0.8141933083534241","0.23534800112247467"
"module.network.model_name: ProtoCLR","HSN","","ProtoCLR","[""biofoundation"",""BirdSet"",""augmentations"",""attentive"",""ProtoCLR""]","","attentive","0.805613100528717","0.30693116784095764"
"module.network.model_name: ProtoCLR","UHH","","ProtoCLR","[""biofoundation"",""BirdSet"",""augmentations"",""attentive"",""ProtoCLR""]","","attentive","0.739025890827179","0.2107632607221603"
"module.network.model_name: ProtoCLR","POW","","ProtoCLR","[""biofoundation"",""BirdSet"",""augmentations"",""linearprobing"",""ProtoCLR""]","","just_cls","0.7603987455368042","0.2779044210910797"
"module.network.model_name: ProtoCLR","NES","","ProtoCLR","[""biofoundation"",""BirdSet"",""augmentations"",""attentive"",""ProtoCLR""]","","attentive","0.8637753129005432","0.26278990507125854"
"module.network.model_name: ProtoCLR","POW","","ProtoCLR","[""biofoundation"",""BirdSet"",""augmentations"",""attentive"",""ProtoCLR""]","","attentive","0.7598581314086914","0.2779352068901062"
"module.network.model_name: ProtoCLR","PER","","ProtoCLR","[""biofoundation"",""BirdSet"",""augmentations"",""linearprobing"",""ProtoCLR""]","","just_cls","0.6798446178436279","0.13060131669044495"
"module.network.model_name: bird_aves","SSW","","bird_aves","[""biofoundation"",""BirdSet"",""augmentations"",""attentive"",""bird_aves""]","","attentive","0.8497077822685242","0.1784154176712036"
"module.network.model_name: ProtoCLR","PER","","ProtoCLR","[""biofoundation"",""BirdSet"",""augmentations"",""attentive"",""ProtoCLR""]","","attentive","0.6777795553207397","0.14890918135643005"
"module.network.model_name: bird_aves","NBP","","bird_aves","[""biofoundation"",""BirdSet"",""augmentations"",""attentive"",""bird_aves""]","","attentive","0.8202192783355713","0.3903327286243438"
"module.network.model_name: bird_aves","HSN","","bird_aves","[""biofoundation"",""BirdSet"",""augmentations"",""attentive"",""bird_aves""]","","attentive","0.833695650100708","0.3259274661540985"
"module.network.model_name: bird_aves","UHH","","bird_aves","[""biofoundation"",""BirdSet"",""augmentations"",""attentive"",""bird_aves""]","","attentive","0.7435638904571533","0.15119129419326782"
"module.network.model_name: bird_aves","NES","","bird_aves","[""biofoundation"",""BirdSet"",""augmentations"",""attentive"",""bird_aves""]","","attentive","0.8834813237190247","0.20581667125225067"
"module.network.model_name: bird_aves","PER","","bird_aves","[""biofoundation"",""BirdSet"",""augmentations"",""attentive"",""bird_aves""]","","attentive","0.6357809901237488","0.08464695513248444"
"module.network.model_name: aves","SNE","","aves","[""biofoundation"",""BirdSet"",""augmentations"",""attentive"",""aves""]","","attentive","0.697178065776825","0.14036817848682404"
"module.network.model_name: aves","SSW","","aves","[""biofoundation"",""BirdSet"",""augmentations"",""attentive"",""aves""]","","attentive","0.8068965673446655","0.11557409912347794"
"module.network.model_name: aves","NBP","","aves","[""biofoundation"",""BirdSet"",""augmentations"",""attentive"",""aves""]","","attentive","0.7594891786575317","0.31647369265556335"
"module.network.model_name: aves","HSN","","aves","[""biofoundation"",""BirdSet"",""augmentations"",""attentive"",""aves""]","","attentive","0.7648273706436157","0.21616555750370023"
"module.network.model_name: aves","UHH","","aves","[""biofoundation"",""BirdSet"",""augmentations"",""attentive"",""aves""]","","attentive","0.7573853731155396","0.14767703413963318"
"module.network.model_name: aves","PER","","aves","[""biofoundation"",""BirdSet"",""augmentations"",""attentive"",""aves""]","","attentive","0.5985280871391296","0.05966147780418396"
"module.network.model_name: aves","NES","","aves","[""biofoundation"",""BirdSet"",""augmentations"",""attentive"",""aves""]","","attentive","0.8349093198776245","0.16971564292907715"
"module.network.model_name: bird_aves","SNE","","bird_aves","[""biofoundation"",""BirdSet"",""augmentations"",""linearprobing"",""bird_aves""]","","just_cls","0.6467969417572021","0.06602302938699722"
"module.network.model_name: bird_aves","SSW","","bird_aves","[""biofoundation"",""BirdSet"",""augmentations"",""linearprobing"",""bird_aves""]","","just_cls","0.7326201796531677","0.03240680694580078"
"module.network.model_name: bird_aves","NBP","","bird_aves","[""biofoundation"",""BirdSet"",""augmentations"",""linearprobing"",""bird_aves""]","","just_cls","0.6571105718612671","0.14209723472595215"
"module.network.model_name: bird_aves","HSN","","bird_aves","[""biofoundation"",""BirdSet"",""augmentations"",""linearprobing"",""bird_aves""]","","just_cls","0.6721240282058716","0.053066469728946686"
"module.network.model_name: bird_aves","UHH","","bird_aves","[""biofoundation"",""BirdSet"",""augmentations"",""linearprobing"",""bird_aves""]","","just_cls","0.574325442314148","0.07722139358520508"
"module.network.model_name: bird_aves","NES","","bird_aves","[""biofoundation"",""BirdSet"",""augmentations"",""linearprobing"",""bird_aves""]","","just_cls","0.7305856943130493","0.04569561779499054"
"module.network.model_name: surfperch","SSW","false","surfperch","[""biofoundation"",""BirdSet"",""augmentations"",""linearprobing"",""surfperch""]","","","0.8289677500724792","0.1279902309179306"
"module.network.model_name: bird_aves","PER","","bird_aves","[""biofoundation"",""BirdSet"",""augmentations"",""linearprobing"",""bird_aves""]","","just_cls","0.5735034346580505","0.03821628913283348"
"module.network.model_name: surfperch","UHH","false","surfperch","[""biofoundation"",""BirdSet"",""augmentations"",""linearprobing"",""surfperch""]","","","0.7262489795684814","0.14483928680419922"
"module.network.model_name: surfperch","NES","false","surfperch","[""biofoundation"",""BirdSet"",""augmentations"",""linearprobing"",""surfperch""]","","","0.86850506067276","0.2106340229511261"
"module.network.model_name: aves","POW","","aves","[""biofoundation"",""BirdSet"",""augmentations"",""linearprobing"",""aves"",""validation"",""POW""]","","attentive","0.7118238806724548","0.18915045261383057"
"module.network.model_name: audio_mae","SSW","","audio_mae","[""biofoundation"",""BirdSet"",""augmentations"",""attentive"",""audio_mae""]","","attentive","0.839085042476654","0.21743044257164"
"module.network.model_name: bird_aves","POW","","bird_aves","[""biofoundation"",""BirdSet"",""augmentations"",""linearprobing"",""bird_aves"",""validation"",""POW""]","","attentive","0.7596291303634644","0.2514110505580902"
"module.network.model_name: eat_ssl","SNE","","eat_ssl","[""biofoundation"",""BirdSet"",""augmentations"",""attentive"",""eat_ssl""]","","attentive","0.7825237512588501","0.19546398520469663"
"module.network.model_name: audio_mae","NES","","audio_mae","[""biofoundation"",""BirdSet"",""augmentations"",""attentive"",""audio_mae""]","","attentive","0.860994815826416","0.25724923610687256"
"module.network.model_name: audio_mae","NBP","","audio_mae","[""biofoundation"",""BirdSet"",""augmentations"",""attentive"",""audio_mae""]","","attentive","0.83896803855896","0.4535493552684784"
"module.network.model_name: eat_ssl","SSW","","eat_ssl","[""biofoundation"",""BirdSet"",""augmentations"",""attentive"",""eat_ssl""]","","attentive","0.8566420078277588","0.17315007746219635"
"module.network.model_name: audio_mae","SNE","","audio_mae","[""biofoundation"",""BirdSet"",""augmentations"",""attentive"",""audio_mae""]","","attentive","0.7860292792320251","0.20363689959049225"
"module.network.model_name: audio_mae","HSN","","audio_mae","[""biofoundation"",""BirdSet"",""augmentations"",""attentive"",""audio_mae""]","","attentive","0.8308421969413757","0.2965877950191498"
"module.network.model_name: audio_mae","UHH","","audio_mae","[""biofoundation"",""BirdSet"",""augmentations"",""attentive"",""audio_mae""]","","attentive","0.820702314376831","0.20248565077781677"
"module.network.model_name: surfperch","POW","false","surfperch","[""biofoundation"",""BirdSet"",""augmentations"",""linearprobing"",""surfperch"",""validation"",""POW""]","","","0.7576463222503662","0.21897251904010773"
"module.network.model_name: bird_aves","POW","","bird_aves","[""biofoundation"",""BirdSet"",""augmentations"",""linearprobing"",""bird_aves"",""validation"",""POW""]","","","0.631147563457489","0.1078696995973587"
"module.network.model_name: audio_mae","POW","","audio_mae","[""biofoundation"",""BirdSet"",""augmentations"",""attentive"",""audio_mae""]","","attentive","0.7613210678100586","0.27249637246131897"
"module.network.model_name: audio_mae","SNE","","audio_mae","[""biofoundation"",""BirdSet"",""augmentations"",""linearprobing"",""audio_mae""]","","just_cls","0.7285178303718567","0.11845172196626665"
"module.network.model_name: audio_mae","SSW","","audio_mae","[""biofoundation"",""BirdSet"",""augmentations"",""linearprobing"",""audio_mae""]","","just_cls","0.8200004696846008","0.08714257925748825"
"module.network.model_name: audio_mae","NBP","","audio_mae","[""biofoundation"",""BirdSet"",""augmentations"",""linearprobing"",""audio_mae""]","","just_cls","0.7545499801635742","0.2599213123321533"
"module.network.model_name: audio_mae","HSN","","audio_mae","[""biofoundation"",""BirdSet"",""augmentations"",""linearprobing"",""audio_mae""]","","just_cls","0.7701281905174255","0.14669333398342133"
"module.network.model_name: audio_mae","UHH","","audio_mae","[""biofoundation"",""BirdSet"",""augmentations"",""linearprobing"",""audio_mae""]","","just_cls","0.7709935307502747","0.14641809463500977"
"module.network.model_name: audio_mae","PER","","audio_mae","[""biofoundation"",""BirdSet"",""augmentations"",""attentive"",""audio_mae""]","","attentive","0.6975076794624329","0.13789653778076172"
"module.network.model_name: audio_mae","NES","","audio_mae","[""biofoundation"",""BirdSet"",""augmentations"",""linearprobing"",""audio_mae""]","","just_cls","0.8021478652954102","0.11621438711881638"
"module.network.model_name: audio_mae","POW","","audio_mae","[""biofoundation"",""BirdSet"",""augmentations"",""linearprobing"",""audio_mae""]","","just_cls","0.687981128692627","0.1499413549900055"
"module.network.model_name: audio_mae","PER","","audio_mae","[""biofoundation"",""BirdSet"",""augmentations"",""linearprobing"",""audio_mae""]","","just_cls","0.6244023442268372","0.05733347311615944"
"module.network.model_name: eat_ssl","SNE","","eat_ssl","[""biofoundation"",""BirdSet"",""augmentations"",""linearprobing"",""eat_ssl""]","","just_cls","0.7105734348297119","0.1221454218029976"
"module.network.model_name: eat_ssl","NBP","","eat_ssl","[""biofoundation"",""BirdSet"",""augmentations"",""attentive"",""eat_ssl""]","","attentive","0.8538784384727478","0.43836668133735657"
"module.network.model_name: eat_ssl","SSW","","eat_ssl","[""biofoundation"",""BirdSet"",""augmentations"",""linearprobing"",""eat_ssl""]","","just_cls","0.7830750346183777","0.0859621986746788"
"module.network.model_name: eat_ssl","HSN","","eat_ssl","[""biofoundation"",""BirdSet"",""augmentations"",""attentive"",""eat_ssl""]","","attentive","0.811265230178833","0.3005247414112091"
"module.network.model_name: eat_ssl","UHH","","eat_ssl","[""biofoundation"",""BirdSet"",""augmentations"",""attentive"",""eat_ssl""]","","attentive","0.8042252659797668","0.19905830919742584"
"module.network.model_name: eat_ssl","NES","","eat_ssl","[""biofoundation"",""BirdSet"",""augmentations"",""attentive"",""eat_ssl""]","","attentive","0.8688225746154785","0.23710334300994873"
"module.network.model_name: eat_ssl","NBP","","eat_ssl","[""biofoundation"",""BirdSet"",""augmentations"",""linearprobing"",""eat_ssl""]","","just_cls","0.8050564527511597","0.31403204798698425"
"module.network.model_name: eat_ssl","HSN","","eat_ssl","[""biofoundation"",""BirdSet"",""augmentations"",""linearprobing"",""eat_ssl""]","","just_cls","0.6887851357460022","0.1693112552165985"
"module.network.model_name: eat_ssl","UHH","","eat_ssl","[""biofoundation"",""BirdSet"",""augmentations"",""linearprobing"",""eat_ssl""]","","just_cls","0.6638258099555969","0.1095663160085678"
"module.network.model_name: eat_ssl","NES","","eat_ssl","[""biofoundation"",""BirdSet"",""augmentations"",""linearprobing"",""eat_ssl""]","","just_cls","0.8005231618881226","0.13021455705165863"
"module.network.model_name: eat_ssl","POW","","eat_ssl","[""biofoundation"",""BirdSet"",""augmentations"",""attentive"",""eat_ssl""]","","attentive","0.7556467056274414","0.2647826671600342"
"module.network.model_name: eat_ssl","POW","","eat_ssl","[""biofoundation"",""BirdSet"",""augmentations"",""linearprobing"",""eat_ssl""]","","just_cls","0.7018856406211853","0.18480117619037628"
"module.network.model_name: eat_ssl","PER","","eat_ssl","[""biofoundation"",""BirdSet"",""augmentations"",""attentive"",""eat_ssl""]","","attentive","0.7078279852867126","0.13315707445144653"
"module.network.model_name: eat_ssl","PER","","eat_ssl","[""biofoundation"",""BirdSet"",""augmentations"",""linearprobing"",""eat_ssl""]","","just_cls","0.6434111595153809","0.07618843764066696"